"","eta","max_depth","min_child_weight","gamma","subsample","colsample_bytree","lambda","alpha","mean_R2"
"1",0.005,6,1,0,0.4,0.4,0,0,0.502848456162637
"2",0.01,6,1,0,0.4,0.4,0,0,0.576870654303938
"3",0.05,6,1,0,0.4,0.4,0,0,0.540812438453631
"4",0.1,6,1,0,0.4,0.4,0,0,0.561682630067006
"5",0.005,8,1,0,0.4,0.4,0,0,0.496290063382579
"6",0.01,8,1,0,0.4,0.4,0,0,0.548082430252984
"7",0.05,8,1,0,0.4,0.4,0,0,0.59338974903409
"8",0.1,8,1,0,0.4,0.4,0,0,0.388008492868252
"9",0.005,10,1,0,0.4,0.4,0,0,0.4774273846306
"10",0.01,10,1,0,0.4,0.4,0,0,0.553111245986652
"11",0.05,10,1,0,0.4,0.4,0,0,0.525869467412621
"12",0.1,10,1,0,0.4,0.4,0,0,0.473122435798404
"13",0.005,12,1,0,0.4,0.4,0,0,0.469472729736235
"14",0.01,12,1,0,0.4,0.4,0,0,0.537395825109244
"15",0.05,12,1,0,0.4,0.4,0,0,0.592258389427454
"16",0.1,12,1,0,0.4,0.4,0,0,0.508011434259241
"17",0.005,15,1,0,0.4,0.4,0,0,0.449037172749084
"18",0.01,15,1,0,0.4,0.4,0,0,0.519006592759624
"19",0.05,15,1,0,0.4,0.4,0,0,0.535147024414752
"20",0.1,15,1,0,0.4,0.4,0,0,0.391238470646311
"21",0.005,6,5,0,0.4,0.4,0,0,0.503576677456832
"22",0.01,6,5,0,0.4,0.4,0,0,0.604010981196404
"23",0.05,6,5,0,0.4,0.4,0,0,0.559324507114099
"24",0.1,6,5,0,0.4,0.4,0,0,0.618735822884393
"25",0.005,8,5,0,0.4,0.4,0,0,0.481208836468088
"26",0.01,8,5,0,0.4,0.4,0,0,0.607608802266127
"27",0.05,8,5,0,0.4,0.4,0,0,0.590563390247471
"28",0.1,8,5,0,0.4,0.4,0,0,0.608339993928604
"29",0.005,10,5,0,0.4,0.4,0,0,0.459073393179964
"30",0.01,10,5,0,0.4,0.4,0,0,0.582440649407661
"31",0.05,10,5,0,0.4,0.4,0,0,0.584208227373032
"32",0.1,10,5,0,0.4,0.4,0,0,0.556061105886079
"33",0.005,12,5,0,0.4,0.4,0,0,0.55467288301019
"34",0.01,12,5,0,0.4,0.4,0,0,0.5814677901084
"35",0.05,12,5,0,0.4,0.4,0,0,0.552801123536069
"36",0.1,12,5,0,0.4,0.4,0,0,0.569996596937599
"37",0.005,15,5,0,0.4,0.4,0,0,0.516528960049149
"38",0.01,15,5,0,0.4,0.4,0,0,0.559568808327905
"39",0.05,15,5,0,0.4,0.4,0,0,0.648035432374962
"40",0.1,15,5,0,0.4,0.4,0,0,0.551888807095964
"41",0.005,6,10,0,0.4,0.4,0,0,0.43562986924425
"42",0.01,6,10,0,0.4,0.4,0,0,0.523663803469938
"43",0.05,6,10,0,0.4,0.4,0,0,0.528914792990349
"44",0.1,6,10,0,0.4,0.4,0,0,0.543105183838899
"45",0.005,8,10,0,0.4,0.4,0,0,0.414122761400598
"46",0.01,8,10,0,0.4,0.4,0,0,0.538998606691917
"47",0.05,8,10,0,0.4,0.4,0,0,0.524760676539083
"48",0.1,8,10,0,0.4,0.4,0,0,0.547949192507509
"49",0.005,10,10,0,0.4,0.4,0,0,0.406272085391855
"50",0.01,10,10,0,0.4,0.4,0,0,0.557202365787616
"51",0.05,10,10,0,0.4,0.4,0,0,0.548724202296242
"52",0.1,10,10,0,0.4,0.4,0,0,0.522632907455649
"53",0.005,12,10,0,0.4,0.4,0,0,0.463474854023204
"54",0.01,12,10,0,0.4,0.4,0,0,0.50382882321234
"55",0.05,12,10,0,0.4,0.4,0,0,0.56531462417004
"56",0.1,12,10,0,0.4,0.4,0,0,0.549994299418687
"57",0.005,15,10,0,0.4,0.4,0,0,0.42485931919677
"58",0.01,15,10,0,0.4,0.4,0,0,0.508269738770189
"59",0.05,15,10,0,0.4,0.4,0,0,0.568559325874771
"60",0.1,15,10,0,0.4,0.4,0,0,0.537554082706588
"61",0.005,6,1,0.1,0.4,0.4,0,0,0.510190809465073
"62",0.01,6,1,0.1,0.4,0.4,0,0,0.560425854382491
"63",0.05,6,1,0.1,0.4,0.4,0,0,0.578623987162597
"64",0.1,6,1,0.1,0.4,0.4,0,0,0.505825844503759
"65",0.005,8,1,0.1,0.4,0.4,0,0,0.463192497272807
"66",0.01,8,1,0.1,0.4,0.4,0,0,0.59861275451353
"67",0.05,8,1,0.1,0.4,0.4,0,0,0.501374024002534
"68",0.1,8,1,0.1,0.4,0.4,0,0,0.510653424373003
"69",0.005,10,1,0.1,0.4,0.4,0,0,0.480922249898439
"70",0.01,10,1,0.1,0.4,0.4,0,0,0.547610508165382
"71",0.05,10,1,0.1,0.4,0.4,0,0,0.527157241293047
"72",0.1,10,1,0.1,0.4,0.4,0,0,0.524042966311776
"73",0.005,12,1,0.1,0.4,0.4,0,0,0.484876833585151
"74",0.01,12,1,0.1,0.4,0.4,0,0,0.490536199760675
"75",0.05,12,1,0.1,0.4,0.4,0,0,0.572836007023203
"76",0.1,12,1,0.1,0.4,0.4,0,0,0.514242729675471
"77",0.005,15,1,0.1,0.4,0.4,0,0,0.443949670739041
"78",0.01,15,1,0.1,0.4,0.4,0,0,0.563399258915117
"79",0.05,15,1,0.1,0.4,0.4,0,0,0.561445804117383
"80",0.1,15,1,0.1,0.4,0.4,0,0,0.508260501020476
"81",0.005,6,5,0.1,0.4,0.4,0,0,0.515979350118551
"82",0.01,6,5,0.1,0.4,0.4,0,0,0.569636724131556
"83",0.05,6,5,0.1,0.4,0.4,0,0,0.598859501858964
"84",0.1,6,5,0.1,0.4,0.4,0,0,0.623146629036662
"85",0.005,8,5,0.1,0.4,0.4,0,0,0.478083088488725
"86",0.01,8,5,0.1,0.4,0.4,0,0,0.540411169813065
"87",0.05,8,5,0.1,0.4,0.4,0,0,0.619246177796007
"88",0.1,8,5,0.1,0.4,0.4,0,0,0.581024362640539
"89",0.005,10,5,0.1,0.4,0.4,0,0,0.477644055426018
"90",0.01,10,5,0.1,0.4,0.4,0,0,0.563023102855209
"91",0.05,10,5,0.1,0.4,0.4,0,0,0.591337127750674
"92",0.1,10,5,0.1,0.4,0.4,0,0,0.571958314401766
"93",0.005,12,5,0.1,0.4,0.4,0,0,0.480956798765132
"94",0.01,12,5,0.1,0.4,0.4,0,0,0.603078518570365
"95",0.05,12,5,0.1,0.4,0.4,0,0,0.647681659975847
"96",0.1,12,5,0.1,0.4,0.4,0,0,0.550487766203536
"97",0.005,15,5,0.1,0.4,0.4,0,0,0.519343008216502
"98",0.01,15,5,0.1,0.4,0.4,0,0,0.58345424203095
"99",0.05,15,5,0.1,0.4,0.4,0,0,0.642433893949754
"100",0.1,15,5,0.1,0.4,0.4,0,0,0.557313107687502
"101",0.005,6,10,0.1,0.4,0.4,0,0,0.411212950218426
"102",0.01,6,10,0.1,0.4,0.4,0,0,0.516987912156184
"103",0.05,6,10,0.1,0.4,0.4,0,0,0.551963087881317
"104",0.1,6,10,0.1,0.4,0.4,0,0,0.528010461361558
"105",0.005,8,10,0.1,0.4,0.4,0,0,0.45045539015581
"106",0.01,8,10,0.1,0.4,0.4,0,0,0.564060453500357
"107",0.05,8,10,0.1,0.4,0.4,0,0,0.517938850904898
"108",0.1,8,10,0.1,0.4,0.4,0,0,0.4844409997796
"109",0.005,10,10,0.1,0.4,0.4,0,0,0.429433083874077
"110",0.01,10,10,0.1,0.4,0.4,0,0,0.523428370482487
"111",0.05,10,10,0.1,0.4,0.4,0,0,0.564529320909687
"112",0.1,10,10,0.1,0.4,0.4,0,0,0.485826530992715
"113",0.005,12,10,0.1,0.4,0.4,0,0,0.40647200737586
"114",0.01,12,10,0.1,0.4,0.4,0,0,0.516946023168265
"115",0.05,12,10,0.1,0.4,0.4,0,0,0.544587712734916
"116",0.1,12,10,0.1,0.4,0.4,0,0,0.512533161785387
"117",0.005,15,10,0.1,0.4,0.4,0,0,0.380371886051691
"118",0.01,15,10,0.1,0.4,0.4,0,0,0.532467914335337
"119",0.05,15,10,0.1,0.4,0.4,0,0,0.59559307274965
"120",0.1,15,10,0.1,0.4,0.4,0,0,0.544536610550601
"121",0.005,6,1,1,0.4,0.4,0,0,0.483879412981536
"122",0.01,6,1,1,0.4,0.4,0,0,0.564132271431227
"123",0.05,6,1,1,0.4,0.4,0,0,0.596135565096357
"124",0.1,6,1,1,0.4,0.4,0,0,0.591293482459379
"125",0.005,8,1,1,0.4,0.4,0,0,0.466505779753506
"126",0.01,8,1,1,0.4,0.4,0,0,0.592039752638556
"127",0.05,8,1,1,0.4,0.4,0,0,0.48922150127814
"128",0.1,8,1,1,0.4,0.4,0,0,0.470731385965719
"129",0.005,10,1,1,0.4,0.4,0,0,0.470691298672039
"130",0.01,10,1,1,0.4,0.4,0,0,0.56303802043489
"131",0.05,10,1,1,0.4,0.4,0,0,0.50121149655116
"132",0.1,10,1,1,0.4,0.4,0,0,0.461113563506627
"133",0.005,12,1,1,0.4,0.4,0,0,0.46137980349931
"134",0.01,12,1,1,0.4,0.4,0,0,0.621835706655286
"135",0.05,12,1,1,0.4,0.4,0,0,0.50628224262568
"136",0.1,12,1,1,0.4,0.4,0,0,0.498352483660788
"137",0.005,15,1,1,0.4,0.4,0,0,0.496299402979713
"138",0.01,15,1,1,0.4,0.4,0,0,0.535545654632469
"139",0.05,15,1,1,0.4,0.4,0,0,0.531314649247536
"140",0.1,15,1,1,0.4,0.4,0,0,0.425167539160716
"141",0.005,6,5,1,0.4,0.4,0,0,0.540518449807251
"142",0.01,6,5,1,0.4,0.4,0,0,0.600763978650059
"143",0.05,6,5,1,0.4,0.4,0,0,0.601284358213136
"144",0.1,6,5,1,0.4,0.4,0,0,0.608511945975364
"145",0.005,8,5,1,0.4,0.4,0,0,0.522074987813698
"146",0.01,8,5,1,0.4,0.4,0,0,0.593476048885752
"147",0.05,8,5,1,0.4,0.4,0,0,0.611226005029835
"148",0.1,8,5,1,0.4,0.4,0,0,0.545651094879319
"149",0.005,10,5,1,0.4,0.4,0,0,0.506472687129527
"150",0.01,10,5,1,0.4,0.4,0,0,0.581794909371022
"151",0.05,10,5,1,0.4,0.4,0,0,0.622851729934854
"152",0.1,10,5,1,0.4,0.4,0,0,0.568699240799688
"153",0.005,12,5,1,0.4,0.4,0,0,0.444069447983114
"154",0.01,12,5,1,0.4,0.4,0,0,0.56768716279374
"155",0.05,12,5,1,0.4,0.4,0,0,0.596383417865842
"156",0.1,12,5,1,0.4,0.4,0,0,0.523680765304831
"157",0.005,15,5,1,0.4,0.4,0,0,0.529961512514521
"158",0.01,15,5,1,0.4,0.4,0,0,0.587992424652027
"159",0.05,15,5,1,0.4,0.4,0,0,0.613629944163948
"160",0.1,15,5,1,0.4,0.4,0,0,0.523705171141438
"161",0.005,6,10,1,0.4,0.4,0,0,0.418738542526135
"162",0.01,6,10,1,0.4,0.4,0,0,0.547434703298501
"163",0.05,6,10,1,0.4,0.4,0,0,0.556298664111306
"164",0.1,6,10,1,0.4,0.4,0,0,0.544752500571506
"165",0.005,8,10,1,0.4,0.4,0,0,0.407533712215313
"166",0.01,8,10,1,0.4,0.4,0,0,0.51984121564811
"167",0.05,8,10,1,0.4,0.4,0,0,0.584656421166368
"168",0.1,8,10,1,0.4,0.4,0,0,0.489914216028219
"169",0.005,10,10,1,0.4,0.4,0,0,0.398763590108819
"170",0.01,10,10,1,0.4,0.4,0,0,0.510067179339788
"171",0.05,10,10,1,0.4,0.4,0,0,0.525785623844211
"172",0.1,10,10,1,0.4,0.4,0,0,0.500398790331211
"173",0.005,12,10,1,0.4,0.4,0,0,0.395409074766097
"174",0.01,12,10,1,0.4,0.4,0,0,0.513792541373963
"175",0.05,12,10,1,0.4,0.4,0,0,0.554302880674584
"176",0.1,12,10,1,0.4,0.4,0,0,0.511832370655233
"177",0.005,15,10,1,0.4,0.4,0,0,0.467631501371248
"178",0.01,15,10,1,0.4,0.4,0,0,0.501902822796475
"179",0.05,15,10,1,0.4,0.4,0,0,0.53410044695124
"180",0.1,15,10,1,0.4,0.4,0,0,0.512951076311957
"181",0.005,6,1,5,0.4,0.4,0,0,0.488374976830306
"182",0.01,6,1,5,0.4,0.4,0,0,0.603165944319449
"183",0.05,6,1,5,0.4,0.4,0,0,0.62807140512518
"184",0.1,6,1,5,0.4,0.4,0,0,0.558107310523706
"185",0.005,8,1,5,0.4,0.4,0,0,0.49265233305621
"186",0.01,8,1,5,0.4,0.4,0,0,0.516191117368604
"187",0.05,8,1,5,0.4,0.4,0,0,0.561295941620979
"188",0.1,8,1,5,0.4,0.4,0,0,0.570141272849234
"189",0.005,10,1,5,0.4,0.4,0,0,0.474681568907513
"190",0.01,10,1,5,0.4,0.4,0,0,0.558837623705994
"191",0.05,10,1,5,0.4,0.4,0,0,0.540819490551447
"192",0.1,10,1,5,0.4,0.4,0,0,0.49852216445088
"193",0.005,12,1,5,0.4,0.4,0,0,0.487745622994793
"194",0.01,12,1,5,0.4,0.4,0,0,0.58033385207365
"195",0.05,12,1,5,0.4,0.4,0,0,0.496211494027426
"196",0.1,12,1,5,0.4,0.4,0,0,0.416609867611793
"197",0.005,15,1,5,0.4,0.4,0,0,0.440207679508457
"198",0.01,15,1,5,0.4,0.4,0,0,0.5412759226735
"199",0.05,15,1,5,0.4,0.4,0,0,0.491674281785253
"200",0.1,15,1,5,0.4,0.4,0,0,0.435868729623172
"201",0.005,6,5,5,0.4,0.4,0,0,0.493042207091632
"202",0.01,6,5,5,0.4,0.4,0,0,0.554867802577088
"203",0.05,6,5,5,0.4,0.4,0,0,0.640533420030971
"204",0.1,6,5,5,0.4,0.4,0,0,0.606795969220356
"205",0.005,8,5,5,0.4,0.4,0,0,0.492047057488941
"206",0.01,8,5,5,0.4,0.4,0,0,0.616565083115099
"207",0.05,8,5,5,0.4,0.4,0,0,0.636848830109876
"208",0.1,8,5,5,0.4,0.4,0,0,0.542163629936144
"209",0.005,10,5,5,0.4,0.4,0,0,0.56249904642867
"210",0.01,10,5,5,0.4,0.4,0,0,0.597769107030389
"211",0.05,10,5,5,0.4,0.4,0,0,0.588752037954291
"212",0.1,10,5,5,0.4,0.4,0,0,0.579052304653524
"213",0.005,12,5,5,0.4,0.4,0,0,0.48026074531948
"214",0.01,12,5,5,0.4,0.4,0,0,0.570837825311356
"215",0.05,12,5,5,0.4,0.4,0,0,0.596773782886133
"216",0.1,12,5,5,0.4,0.4,0,0,0.500208268139056
"217",0.005,15,5,5,0.4,0.4,0,0,0.514786907580955
"218",0.01,15,5,5,0.4,0.4,0,0,0.590762071114786
"219",0.05,15,5,5,0.4,0.4,0,0,0.583943256351345
"220",0.1,15,5,5,0.4,0.4,0,0,0.599497015551388
"221",0.005,6,10,5,0.4,0.4,0,0,0.376762056485914
"222",0.01,6,10,5,0.4,0.4,0,0,0.544662231334878
"223",0.05,6,10,5,0.4,0.4,0,0,0.503088476945658
"224",0.1,6,10,5,0.4,0.4,0,0,0.502235674993643
"225",0.005,8,10,5,0.4,0.4,0,0,0.429615625904113
"226",0.01,8,10,5,0.4,0.4,0,0,0.510592891608475
"227",0.05,8,10,5,0.4,0.4,0,0,0.543200615534467
"228",0.1,8,10,5,0.4,0.4,0,0,0.5356013150313
"229",0.005,10,10,5,0.4,0.4,0,0,0.452644073045086
"230",0.01,10,10,5,0.4,0.4,0,0,0.521202548256593
"231",0.05,10,10,5,0.4,0.4,0,0,0.523290103645367
"232",0.1,10,10,5,0.4,0.4,0,0,0.505745761153622
"233",0.005,12,10,5,0.4,0.4,0,0,0.455449269169544
"234",0.01,12,10,5,0.4,0.4,0,0,0.56256499320082
"235",0.05,12,10,5,0.4,0.4,0,0,0.544934801064183
"236",0.1,12,10,5,0.4,0.4,0,0,0.537861814130647
"237",0.005,15,10,5,0.4,0.4,0,0,0.442043122944719
"238",0.01,15,10,5,0.4,0.4,0,0,0.549629315107711
"239",0.05,15,10,5,0.4,0.4,0,0,0.523840917897891
"240",0.1,15,10,5,0.4,0.4,0,0,0.567034840105357
"241",0.005,6,1,0,0.6,0.4,0,0,0.499513573925162
"242",0.01,6,1,0,0.6,0.4,0,0,0.598533915820948
"243",0.05,6,1,0,0.6,0.4,0,0,0.589177923298037
"244",0.1,6,1,0,0.6,0.4,0,0,0.53317009869364
"245",0.005,8,1,0,0.6,0.4,0,0,0.494493031020402
"246",0.01,8,1,0,0.6,0.4,0,0,0.536969520472791
"247",0.05,8,1,0,0.6,0.4,0,0,0.572636016288338
"248",0.1,8,1,0,0.6,0.4,0,0,0.570913441008593
"249",0.005,10,1,0,0.6,0.4,0,0,0.445004158346522
"250",0.01,10,1,0,0.6,0.4,0,0,0.558977840762302
"251",0.05,10,1,0,0.6,0.4,0,0,0.598410234094263
"252",0.1,10,1,0,0.6,0.4,0,0,0.545646410351607
"253",0.005,12,1,0,0.6,0.4,0,0,0.469033091856588
"254",0.01,12,1,0,0.6,0.4,0,0,0.547181112588342
"255",0.05,12,1,0,0.6,0.4,0,0,0.529157731200098
"256",0.1,12,1,0,0.6,0.4,0,0,0.499731684758949
"257",0.005,15,1,0,0.6,0.4,0,0,0.494150242912539
"258",0.01,15,1,0,0.6,0.4,0,0,0.532291623460832
"259",0.05,15,1,0,0.6,0.4,0,0,0.517417484698492
"260",0.1,15,1,0,0.6,0.4,0,0,0.504522250094587
"261",0.005,6,5,0,0.6,0.4,0,0,0.538974330386763
"262",0.01,6,5,0,0.6,0.4,0,0,0.634457653246637
"263",0.05,6,5,0,0.6,0.4,0,0,0.615800528193354
"264",0.1,6,5,0,0.6,0.4,0,0,0.61341400113698
"265",0.005,8,5,0,0.6,0.4,0,0,0.497359702124717
"266",0.01,8,5,0,0.6,0.4,0,0,0.623782522703115
"267",0.05,8,5,0,0.6,0.4,0,0,0.60461614831028
"268",0.1,8,5,0,0.6,0.4,0,0,0.574518413576194
"269",0.005,10,5,0,0.6,0.4,0,0,0.500957059915569
"270",0.01,10,5,0,0.6,0.4,0,0,0.545946432223931
"271",0.05,10,5,0,0.6,0.4,0,0,0.604753740670765
"272",0.1,10,5,0,0.6,0.4,0,0,0.590423639299229
"273",0.005,12,5,0,0.6,0.4,0,0,0.485587732759341
"274",0.01,12,5,0,0.6,0.4,0,0,0.616337171688459
"275",0.05,12,5,0,0.6,0.4,0,0,0.574047785422262
"276",0.1,12,5,0,0.6,0.4,0,0,0.570768676439172
"277",0.005,15,5,0,0.6,0.4,0,0,0.499157016587335
"278",0.01,15,5,0,0.6,0.4,0,0,0.611756665406759
"279",0.05,15,5,0,0.6,0.4,0,0,0.630008655807574
"280",0.1,15,5,0,0.6,0.4,0,0,0.585572636506218
"281",0.005,6,10,0,0.6,0.4,0,0,0.488629210910521
"282",0.01,6,10,0,0.6,0.4,0,0,0.605506450470616
"283",0.05,6,10,0,0.6,0.4,0,0,0.621315878447443
"284",0.1,6,10,0,0.6,0.4,0,0,0.578344221878481
"285",0.005,8,10,0,0.6,0.4,0,0,0.492755628564191
"286",0.01,8,10,0,0.6,0.4,0,0,0.617615438936906
"287",0.05,8,10,0,0.6,0.4,0,0,0.597428261232976
"288",0.1,8,10,0,0.6,0.4,0,0,0.549291186270854
"289",0.005,10,10,0,0.6,0.4,0,0,0.524271301853041
"290",0.01,10,10,0,0.6,0.4,0,0,0.634189948657585
"291",0.05,10,10,0,0.6,0.4,0,0,0.582412872571346
"292",0.1,10,10,0,0.6,0.4,0,0,0.547438409550686
"293",0.005,12,10,0,0.6,0.4,0,0,0.503213997885417
"294",0.01,12,10,0,0.6,0.4,0,0,0.61042650920893
"295",0.05,12,10,0,0.6,0.4,0,0,0.592442229137974
"296",0.1,12,10,0,0.6,0.4,0,0,0.607669120966792
"297",0.005,15,10,0,0.6,0.4,0,0,0.510194560102548
"298",0.01,15,10,0,0.6,0.4,0,0,0.60173071502881
"299",0.05,15,10,0,0.6,0.4,0,0,0.627842429125638
"300",0.1,15,10,0,0.6,0.4,0,0,0.568866669816594
"301",0.005,6,1,0.1,0.6,0.4,0,0,0.524132732109514
"302",0.01,6,1,0.1,0.6,0.4,0,0,0.610826450216263
"303",0.05,6,1,0.1,0.6,0.4,0,0,0.623427983196902
"304",0.1,6,1,0.1,0.6,0.4,0,0,0.602049788325319
"305",0.005,8,1,0.1,0.6,0.4,0,0,0.472825722120101
"306",0.01,8,1,0.1,0.6,0.4,0,0,0.594435042223536
"307",0.05,8,1,0.1,0.6,0.4,0,0,0.506293263463024
"308",0.1,8,1,0.1,0.6,0.4,0,0,0.563090748429867
"309",0.005,10,1,0.1,0.6,0.4,0,0,0.481443834849449
"310",0.01,10,1,0.1,0.6,0.4,0,0,0.522391750248694
"311",0.05,10,1,0.1,0.6,0.4,0,0,0.583191280105421
"312",0.1,10,1,0.1,0.6,0.4,0,0,0.48227510525071
"313",0.005,12,1,0.1,0.6,0.4,0,0,0.473181886365052
"314",0.01,12,1,0.1,0.6,0.4,0,0,0.498366131484859
"315",0.05,12,1,0.1,0.6,0.4,0,0,0.464814718028018
"316",0.1,12,1,0.1,0.6,0.4,0,0,0.503477971744725
"317",0.005,15,1,0.1,0.6,0.4,0,0,0.459499861346261
"318",0.01,15,1,0.1,0.6,0.4,0,0,0.510977476060159
"319",0.05,15,1,0.1,0.6,0.4,0,0,0.483583388451478
"320",0.1,15,1,0.1,0.6,0.4,0,0,0.534043590212148
"321",0.005,6,5,0.1,0.6,0.4,0,0,0.539533681899336
"322",0.01,6,5,0.1,0.6,0.4,0,0,0.590647906091405
"323",0.05,6,5,0.1,0.6,0.4,0,0,0.659250060570219
"324",0.1,6,5,0.1,0.6,0.4,0,0,0.628797218057459
"325",0.005,8,5,0.1,0.6,0.4,0,0,0.53393697245779
"326",0.01,8,5,0.1,0.6,0.4,0,0,0.60318595656528
"327",0.05,8,5,0.1,0.6,0.4,0,0,0.628111099795539
"328",0.1,8,5,0.1,0.6,0.4,0,0,0.598099687617863
"329",0.005,10,5,0.1,0.6,0.4,0,0,0.54733274058756
"330",0.01,10,5,0.1,0.6,0.4,0,0,0.537594684298181
"331",0.05,10,5,0.1,0.6,0.4,0,0,0.539867578277852
"332",0.1,10,5,0.1,0.6,0.4,0,0,0.626387215084464
"333",0.005,12,5,0.1,0.6,0.4,0,0,0.526886013579248
"334",0.01,12,5,0.1,0.6,0.4,0,0,0.590704546092845
"335",0.05,12,5,0.1,0.6,0.4,0,0,0.577994396042152
"336",0.1,12,5,0.1,0.6,0.4,0,0,0.48796777498873
"337",0.005,15,5,0.1,0.6,0.4,0,0,0.542794508990639
"338",0.01,15,5,0.1,0.6,0.4,0,0,0.589666694459608
"339",0.05,15,5,0.1,0.6,0.4,0,0,0.593838991523061
"340",0.1,15,5,0.1,0.6,0.4,0,0,0.504261626432555
"341",0.005,6,10,0.1,0.6,0.4,0,0,0.465106562586148
"342",0.01,6,10,0.1,0.6,0.4,0,0,0.600849032016623
"343",0.05,6,10,0.1,0.6,0.4,0,0,0.588670021325668
"344",0.1,6,10,0.1,0.6,0.4,0,0,0.562658637651017
"345",0.005,8,10,0.1,0.6,0.4,0,0,0.505283571545655
"346",0.01,8,10,0.1,0.6,0.4,0,0,0.592699106170587
"347",0.05,8,10,0.1,0.6,0.4,0,0,0.615620402543204
"348",0.1,8,10,0.1,0.6,0.4,0,0,0.590155147811679
"349",0.005,10,10,0.1,0.6,0.4,0,0,0.507391744354534
"350",0.01,10,10,0.1,0.6,0.4,0,0,0.602287924065002
"351",0.05,10,10,0.1,0.6,0.4,0,0,0.594751743049753
"352",0.1,10,10,0.1,0.6,0.4,0,0,0.643573151887831
"353",0.005,12,10,0.1,0.6,0.4,0,0,0.486778651423583
"354",0.01,12,10,0.1,0.6,0.4,0,0,0.572032825724921
"355",0.05,12,10,0.1,0.6,0.4,0,0,0.614907271026438
"356",0.1,12,10,0.1,0.6,0.4,0,0,0.606326755298026
"357",0.005,15,10,0.1,0.6,0.4,0,0,0.505394912492455
"358",0.01,15,10,0.1,0.6,0.4,0,0,0.617913672182782
"359",0.05,15,10,0.1,0.6,0.4,0,0,0.602696185730003
"360",0.1,15,10,0.1,0.6,0.4,0,0,0.567276602523951
"361",0.005,6,1,1,0.6,0.4,0,0,0.526644794818248
"362",0.01,6,1,1,0.6,0.4,0,0,0.579736070792485
"363",0.05,6,1,1,0.6,0.4,0,0,0.578668744619807
"364",0.1,6,1,1,0.6,0.4,0,0,0.535467501473637
"365",0.005,8,1,1,0.6,0.4,0,0,0.493572455731594
"366",0.01,8,1,1,0.6,0.4,0,0,0.568197852217369
"367",0.05,8,1,1,0.6,0.4,0,0,0.54362557451251
"368",0.1,8,1,1,0.6,0.4,0,0,0.525375244832846
"369",0.005,10,1,1,0.6,0.4,0,0,0.494248921661639
"370",0.01,10,1,1,0.6,0.4,0,0,0.543893034521789
"371",0.05,10,1,1,0.6,0.4,0,0,0.509425079385028
"372",0.1,10,1,1,0.6,0.4,0,0,0.55524992027774
"373",0.005,12,1,1,0.6,0.4,0,0,0.462051006164736
"374",0.01,12,1,1,0.6,0.4,0,0,0.548777658955501
"375",0.05,12,1,1,0.6,0.4,0,0,0.487746708573343
"376",0.1,12,1,1,0.6,0.4,0,0,0.458880945821339
"377",0.005,15,1,1,0.6,0.4,0,0,0.489968379194864
"378",0.01,15,1,1,0.6,0.4,0,0,0.520065035214222
"379",0.05,15,1,1,0.6,0.4,0,0,0.486031299961249
"380",0.1,15,1,1,0.6,0.4,0,0,0.414564849695322
"381",0.005,6,5,1,0.6,0.4,0,0,0.542061354019752
"382",0.01,6,5,1,0.6,0.4,0,0,0.609945146485348
"383",0.05,6,5,1,0.6,0.4,0,0,0.577197733212862
"384",0.1,6,5,1,0.6,0.4,0,0,0.602014557644533
"385",0.005,8,5,1,0.6,0.4,0,0,0.508183366501095
"386",0.01,8,5,1,0.6,0.4,0,0,0.615687391003301
"387",0.05,8,5,1,0.6,0.4,0,0,0.605014057739008
"388",0.1,8,5,1,0.6,0.4,0,0,0.587195407238218
"389",0.005,10,5,1,0.6,0.4,0,0,0.488498521292862
"390",0.01,10,5,1,0.6,0.4,0,0,0.571170891146202
"391",0.05,10,5,1,0.6,0.4,0,0,0.557538286813084
"392",0.1,10,5,1,0.6,0.4,0,0,0.470808077078025
"393",0.005,12,5,1,0.6,0.4,0,0,0.492176102980269
"394",0.01,12,5,1,0.6,0.4,0,0,0.544820787138794
"395",0.05,12,5,1,0.6,0.4,0,0,0.563751304185475
"396",0.1,12,5,1,0.6,0.4,0,0,0.508813698545508
"397",0.005,15,5,1,0.6,0.4,0,0,0.4992076252042
"398",0.01,15,5,1,0.6,0.4,0,0,0.6372683081498
"399",0.05,15,5,1,0.6,0.4,0,0,0.588880331514253
"400",0.1,15,5,1,0.6,0.4,0,0,0.510057547273082
"401",0.005,6,10,1,0.6,0.4,0,0,0.503561529606992
"402",0.01,6,10,1,0.6,0.4,0,0,0.56997665799261
"403",0.05,6,10,1,0.6,0.4,0,0,0.617395609388863
"404",0.1,6,10,1,0.6,0.4,0,0,0.595458537949486
"405",0.005,8,10,1,0.6,0.4,0,0,0.501874837688544
"406",0.01,8,10,1,0.6,0.4,0,0,0.581057060838759
"407",0.05,8,10,1,0.6,0.4,0,0,0.584976480383425
"408",0.1,8,10,1,0.6,0.4,0,0,0.595167559170735
"409",0.005,10,10,1,0.6,0.4,0,0,0.529534841666501
"410",0.01,10,10,1,0.6,0.4,0,0,0.609359490016418
"411",0.05,10,10,1,0.6,0.4,0,0,0.59311035800667
"412",0.1,10,10,1,0.6,0.4,0,0,0.619714946413554
"413",0.005,12,10,1,0.6,0.4,0,0,0.510298625179553
"414",0.01,12,10,1,0.6,0.4,0,0,0.625145166895444
"415",0.05,12,10,1,0.6,0.4,0,0,0.597102432796027
"416",0.1,12,10,1,0.6,0.4,0,0,0.539101631708078
"417",0.005,15,10,1,0.6,0.4,0,0,0.511234252288596
"418",0.01,15,10,1,0.6,0.4,0,0,0.551099389812026
"419",0.05,15,10,1,0.6,0.4,0,0,0.605622845913615
"420",0.1,15,10,1,0.6,0.4,0,0,0.545002077833623
"421",0.005,6,1,5,0.6,0.4,0,0,0.526889370078509
"422",0.01,6,1,5,0.6,0.4,0,0,0.606849264516881
"423",0.05,6,1,5,0.6,0.4,0,0,0.590004000770649
"424",0.1,6,1,5,0.6,0.4,0,0,0.556342584713068
"425",0.005,8,1,5,0.6,0.4,0,0,0.523238351965857
"426",0.01,8,1,5,0.6,0.4,0,0,0.554451015670654
"427",0.05,8,1,5,0.6,0.4,0,0,0.513972532554497
"428",0.1,8,1,5,0.6,0.4,0,0,0.576381253170957
"429",0.005,10,1,5,0.6,0.4,0,0,0.518498771632953
"430",0.01,10,1,5,0.6,0.4,0,0,0.555219847578899
"431",0.05,10,1,5,0.6,0.4,0,0,0.525333996048535
"432",0.1,10,1,5,0.6,0.4,0,0,0.498918359618618
"433",0.005,12,1,5,0.6,0.4,0,0,0.454376892038626
"434",0.01,12,1,5,0.6,0.4,0,0,0.56878163292846
"435",0.05,12,1,5,0.6,0.4,0,0,0.506111852111564
"436",0.1,12,1,5,0.6,0.4,0,0,0.544637701140979
"437",0.005,15,1,5,0.6,0.4,0,0,0.491506360937398
"438",0.01,15,1,5,0.6,0.4,0,0,0.510941110729826
"439",0.05,15,1,5,0.6,0.4,0,0,0.512132817011401
"440",0.1,15,1,5,0.6,0.4,0,0,0.465320594068825
"441",0.005,6,5,5,0.6,0.4,0,0,0.553286728992929
"442",0.01,6,5,5,0.6,0.4,0,0,0.628342679193011
"443",0.05,6,5,5,0.6,0.4,0,0,0.615250891813312
"444",0.1,6,5,5,0.6,0.4,0,0,0.529824660767023
"445",0.005,8,5,5,0.6,0.4,0,0,0.489908305822757
"446",0.01,8,5,5,0.6,0.4,0,0,0.613498975547224
"447",0.05,8,5,5,0.6,0.4,0,0,0.595259452114915
"448",0.1,8,5,5,0.6,0.4,0,0,0.566843090003505
"449",0.005,10,5,5,0.6,0.4,0,0,0.48961215911372
"450",0.01,10,5,5,0.6,0.4,0,0,0.571962695957964
"451",0.05,10,5,5,0.6,0.4,0,0,0.604340453263019
"452",0.1,10,5,5,0.6,0.4,0,0,0.584698578374938
"453",0.005,12,5,5,0.6,0.4,0,0,0.538816834521913
"454",0.01,12,5,5,0.6,0.4,0,0,0.584847156824985
"455",0.05,12,5,5,0.6,0.4,0,0,0.589367662076107
"456",0.1,12,5,5,0.6,0.4,0,0,0.559601804992609
"457",0.005,15,5,5,0.6,0.4,0,0,0.520369563431063
"458",0.01,15,5,5,0.6,0.4,0,0,0.558407950477549
"459",0.05,15,5,5,0.6,0.4,0,0,0.615298109389277
"460",0.1,15,5,5,0.6,0.4,0,0,0.600592018962276
"461",0.005,6,10,5,0.6,0.4,0,0,0.505679643671729
"462",0.01,6,10,5,0.6,0.4,0,0,0.595924872794874
"463",0.05,6,10,5,0.6,0.4,0,0,0.61362679107275
"464",0.1,6,10,5,0.6,0.4,0,0,0.605444583259496
"465",0.005,8,10,5,0.6,0.4,0,0,0.516827667131577
"466",0.01,8,10,5,0.6,0.4,0,0,0.59359238075915
"467",0.05,8,10,5,0.6,0.4,0,0,0.602347168056148
"468",0.1,8,10,5,0.6,0.4,0,0,0.54110920106907
"469",0.005,10,10,5,0.6,0.4,0,0,0.484854229757615
"470",0.01,10,10,5,0.6,0.4,0,0,0.572064122297581
"471",0.05,10,10,5,0.6,0.4,0,0,0.615985499658194
"472",0.1,10,10,5,0.6,0.4,0,0,0.550628215459336
"473",0.005,12,10,5,0.6,0.4,0,0,0.510974322961008
"474",0.01,12,10,5,0.6,0.4,0,0,0.597648353250565
"475",0.05,12,10,5,0.6,0.4,0,0,0.591470564339562
"476",0.1,12,10,5,0.6,0.4,0,0,0.560339011911409
"477",0.005,15,10,5,0.6,0.4,0,0,0.513738439207896
"478",0.01,15,10,5,0.6,0.4,0,0,0.580717360185373
"479",0.05,15,10,5,0.6,0.4,0,0,0.595382453013867
"480",0.1,15,10,5,0.6,0.4,0,0,0.617009911958627
"481",0.005,6,1,0,0.8,0.4,0,0,0.5299962665369
"482",0.01,6,1,0,0.8,0.4,0,0,0.581973887817155
"483",0.05,6,1,0,0.8,0.4,0,0,0.601031484541586
"484",0.1,6,1,0,0.8,0.4,0,0,0.574464189550344
"485",0.005,8,1,0,0.8,0.4,0,0,0.493683187310129
"486",0.01,8,1,0,0.8,0.4,0,0,0.543644081298254
"487",0.05,8,1,0,0.8,0.4,0,0,0.520445041830441
"488",0.1,8,1,0,0.8,0.4,0,0,0.524512078006411
"489",0.005,10,1,0,0.8,0.4,0,0,0.475377725020419
"490",0.01,10,1,0,0.8,0.4,0,0,0.501228263773317
"491",0.05,10,1,0,0.8,0.4,0,0,0.523988841621612
"492",0.1,10,1,0,0.8,0.4,0,0,0.457691889477344
"493",0.005,12,1,0,0.8,0.4,0,0,0.418936296781101
"494",0.01,12,1,0,0.8,0.4,0,0,0.491957734450977
"495",0.05,12,1,0,0.8,0.4,0,0,0.508390528488248
"496",0.1,12,1,0,0.8,0.4,0,0,0.467114160578796
"497",0.005,15,1,0,0.8,0.4,0,0,0.423225554759925
"498",0.01,15,1,0,0.8,0.4,0,0,0.478172366044833
"499",0.05,15,1,0,0.8,0.4,0,0,0.461803778206413
"500",0.1,15,1,0,0.8,0.4,0,0,0.390780159158741
"501",0.005,6,5,0,0.8,0.4,0,0,0.531389514938834
"502",0.01,6,5,0,0.8,0.4,0,0,0.622945556547113
"503",0.05,6,5,0,0.8,0.4,0,0,0.613652563090908
"504",0.1,6,5,0,0.8,0.4,0,0,0.581031121556494
"505",0.005,8,5,0,0.8,0.4,0,0,0.542977667230672
"506",0.01,8,5,0,0.8,0.4,0,0,0.626176749297909
"507",0.05,8,5,0,0.8,0.4,0,0,0.563791970247651
"508",0.1,8,5,0,0.8,0.4,0,0,0.540600368316634
"509",0.005,10,5,0,0.8,0.4,0,0,0.512496595895199
"510",0.01,10,5,0,0.8,0.4,0,0,0.563876721623427
"511",0.05,10,5,0,0.8,0.4,0,0,0.560980713611815
"512",0.1,10,5,0,0.8,0.4,0,0,0.575532040214581
"513",0.005,12,5,0,0.8,0.4,0,0,0.511936443649352
"514",0.01,12,5,0,0.8,0.4,0,0,0.575852173406517
"515",0.05,12,5,0,0.8,0.4,0,0,0.580124889324709
"516",0.1,12,5,0,0.8,0.4,0,0,0.515748336331208
"517",0.005,15,5,0,0.8,0.4,0,0,0.477555109141711
"518",0.01,15,5,0,0.8,0.4,0,0,0.572273469046955
"519",0.05,15,5,0,0.8,0.4,0,0,0.590784879269013
"520",0.1,15,5,0,0.8,0.4,0,0,0.561299621547177
"521",0.005,6,10,0,0.8,0.4,0,0,0.547385998238377
"522",0.01,6,10,0,0.8,0.4,0,0,0.599685734179571
"523",0.05,6,10,0,0.8,0.4,0,0,0.643207568580047
"524",0.1,6,10,0,0.8,0.4,0,0,0.594336766684442
"525",0.005,8,10,0,0.8,0.4,0,0,0.538015278674302
"526",0.01,8,10,0,0.8,0.4,0,0,0.566875144602967
"527",0.05,8,10,0,0.8,0.4,0,0,0.586180952589275
"528",0.1,8,10,0,0.8,0.4,0,0,0.637283974306998
"529",0.005,10,10,0,0.8,0.4,0,0,0.528231759063142
"530",0.01,10,10,0,0.8,0.4,0,0,0.592139491289148
"531",0.05,10,10,0,0.8,0.4,0,0,0.601497644061874
"532",0.1,10,10,0,0.8,0.4,0,0,0.606749041514458
"533",0.005,12,10,0,0.8,0.4,0,0,0.533991911472675
"534",0.01,12,10,0,0.8,0.4,0,0,0.59826501410656
"535",0.05,12,10,0,0.8,0.4,0,0,0.573610723180568
"536",0.1,12,10,0,0.8,0.4,0,0,0.612035465683852
"537",0.005,15,10,0,0.8,0.4,0,0,0.537988670653711
"538",0.01,15,10,0,0.8,0.4,0,0,0.59158318001592
"539",0.05,15,10,0,0.8,0.4,0,0,0.547342643892081
"540",0.1,15,10,0,0.8,0.4,0,0,0.574301693453816
"541",0.005,6,1,0.1,0.8,0.4,0,0,0.522685213903778
"542",0.01,6,1,0.1,0.8,0.4,0,0,0.60769021029293
"543",0.05,6,1,0.1,0.8,0.4,0,0,0.602819528876792
"544",0.1,6,1,0.1,0.8,0.4,0,0,0.505327812531852
"545",0.005,8,1,0.1,0.8,0.4,0,0,0.484372308066562
"546",0.01,8,1,0.1,0.8,0.4,0,0,0.567382032388245
"547",0.05,8,1,0.1,0.8,0.4,0,0,0.569619888745569
"548",0.1,8,1,0.1,0.8,0.4,0,0,0.430352979145741
"549",0.005,10,1,0.1,0.8,0.4,0,0,0.491548937282444
"550",0.01,10,1,0.1,0.8,0.4,0,0,0.545030620394212
"551",0.05,10,1,0.1,0.8,0.4,0,0,0.47056154689565
"552",0.1,10,1,0.1,0.8,0.4,0,0,0.471663536431666
"553",0.005,12,1,0.1,0.8,0.4,0,0,0.433996583056847
"554",0.01,12,1,0.1,0.8,0.4,0,0,0.510394174524105
"555",0.05,12,1,0.1,0.8,0.4,0,0,0.411998363387988
"556",0.1,12,1,0.1,0.8,0.4,0,0,0.462669259196223
"557",0.005,15,1,0.1,0.8,0.4,0,0,0.453613576882638
"558",0.01,15,1,0.1,0.8,0.4,0,0,0.450064130965382
"559",0.05,15,1,0.1,0.8,0.4,0,0,0.449180187980125
"560",0.1,15,1,0.1,0.8,0.4,0,0,0.454958189961938
"561",0.005,6,5,0.1,0.8,0.4,0,0,0.516071556560663
"562",0.01,6,5,0.1,0.8,0.4,0,0,0.62307940728249
"563",0.05,6,5,0.1,0.8,0.4,0,0,0.597285720792562
"564",0.1,6,5,0.1,0.8,0.4,0,0,0.607809170212328
"565",0.005,8,5,0.1,0.8,0.4,0,0,0.512183685537597
"566",0.01,8,5,0.1,0.8,0.4,0,0,0.579663608391994
"567",0.05,8,5,0.1,0.8,0.4,0,0,0.571549542190169
"568",0.1,8,5,0.1,0.8,0.4,0,0,0.535031573438176
"569",0.005,10,5,0.1,0.8,0.4,0,0,0.519121396257919
"570",0.01,10,5,0.1,0.8,0.4,0,0,0.576396112112185
"571",0.05,10,5,0.1,0.8,0.4,0,0,0.584325298333496
"572",0.1,10,5,0.1,0.8,0.4,0,0,0.558865090908951
"573",0.005,12,5,0.1,0.8,0.4,0,0,0.527083866991302
"574",0.01,12,5,0.1,0.8,0.4,0,0,0.58336219226237
"575",0.05,12,5,0.1,0.8,0.4,0,0,0.569283853671583
"576",0.1,12,5,0.1,0.8,0.4,0,0,0.514619414442877
"577",0.005,15,5,0.1,0.8,0.4,0,0,0.515684774376494
"578",0.01,15,5,0.1,0.8,0.4,0,0,0.504425865286189
"579",0.05,15,5,0.1,0.8,0.4,0,0,0.549773194385884
"580",0.1,15,5,0.1,0.8,0.4,0,0,0.53207259592988
"581",0.005,6,10,0.1,0.8,0.4,0,0,0.533462993340846
"582",0.01,6,10,0.1,0.8,0.4,0,0,0.604565649494877
"583",0.05,6,10,0.1,0.8,0.4,0,0,0.618075897216138
"584",0.1,6,10,0.1,0.8,0.4,0,0,0.571698949474809
"585",0.005,8,10,0.1,0.8,0.4,0,0,0.50518243974643
"586",0.01,8,10,0.1,0.8,0.4,0,0,0.617742555112293
"587",0.05,8,10,0.1,0.8,0.4,0,0,0.633509360968824
"588",0.1,8,10,0.1,0.8,0.4,0,0,0.657122245100084
"589",0.005,10,10,0.1,0.8,0.4,0,0,0.514172476438211
"590",0.01,10,10,0.1,0.8,0.4,0,0,0.571962579817364
"591",0.05,10,10,0.1,0.8,0.4,0,0,0.607092740305073
"592",0.1,10,10,0.1,0.8,0.4,0,0,0.549805375608864
"593",0.005,12,10,0.1,0.8,0.4,0,0,0.498064179391535
"594",0.01,12,10,0.1,0.8,0.4,0,0,0.592296356898649
"595",0.05,12,10,0.1,0.8,0.4,0,0,0.565810308635324
"596",0.1,12,10,0.1,0.8,0.4,0,0,0.566629231366787
"597",0.005,15,10,0.1,0.8,0.4,0,0,0.540894392363398
"598",0.01,15,10,0.1,0.8,0.4,0,0,0.628448371895142
"599",0.05,15,10,0.1,0.8,0.4,0,0,0.638874549878906
"600",0.1,15,10,0.1,0.8,0.4,0,0,0.616111626725144
"601",0.005,6,1,1,0.8,0.4,0,0,0.550341399027893
"602",0.01,6,1,1,0.8,0.4,0,0,0.562725179773082
"603",0.05,6,1,1,0.8,0.4,0,0,0.615352394221411
"604",0.1,6,1,1,0.8,0.4,0,0,0.569586962361495
"605",0.005,8,1,1,0.8,0.4,0,0,0.493088538832293
"606",0.01,8,1,1,0.8,0.4,0,0,0.540405318556773
"607",0.05,8,1,1,0.8,0.4,0,0,0.560441361356441
"608",0.1,8,1,1,0.8,0.4,0,0,0.493947960720597
"609",0.005,10,1,1,0.8,0.4,0,0,0.464340318982836
"610",0.01,10,1,1,0.8,0.4,0,0,0.529286838760168
"611",0.05,10,1,1,0.8,0.4,0,0,0.492376397212316
"612",0.1,10,1,1,0.8,0.4,0,0,0.495963357411539
"613",0.005,12,1,1,0.8,0.4,0,0,0.458664111507975
"614",0.01,12,1,1,0.8,0.4,0,0,0.509800782909682
"615",0.05,12,1,1,0.8,0.4,0,0,0.463707276334154
"616",0.1,12,1,1,0.8,0.4,0,0,0.485674706716445
"617",0.005,15,1,1,0.8,0.4,0,0,0.449644859072811
"618",0.01,15,1,1,0.8,0.4,0,0,0.498285023670392
"619",0.05,15,1,1,0.8,0.4,0,0,0.504316586896217
"620",0.1,15,1,1,0.8,0.4,0,0,0.372477483762622
"621",0.005,6,5,1,0.8,0.4,0,0,0.560090197240227
"622",0.01,6,5,1,0.8,0.4,0,0,0.647806702813435
"623",0.05,6,5,1,0.8,0.4,0,0,0.631853797896471
"624",0.1,6,5,1,0.8,0.4,0,0,0.583359846973608
"625",0.005,8,5,1,0.8,0.4,0,0,0.50229737752811
"626",0.01,8,5,1,0.8,0.4,0,0,0.61000030370836
"627",0.05,8,5,1,0.8,0.4,0,0,0.566914116999125
"628",0.1,8,5,1,0.8,0.4,0,0,0.531116393582583
"629",0.005,10,5,1,0.8,0.4,0,0,0.54671822490351
"630",0.01,10,5,1,0.8,0.4,0,0,0.580443976303871
"631",0.05,10,5,1,0.8,0.4,0,0,0.576296167080219
"632",0.1,10,5,1,0.8,0.4,0,0,0.548862823635266
"633",0.005,12,5,1,0.8,0.4,0,0,0.481071258136762
"634",0.01,12,5,1,0.8,0.4,0,0,0.581323986372081
"635",0.05,12,5,1,0.8,0.4,0,0,0.52661036467805
"636",0.1,12,5,1,0.8,0.4,0,0,0.553373358846923
"637",0.005,15,5,1,0.8,0.4,0,0,0.488272188022451
"638",0.01,15,5,1,0.8,0.4,0,0,0.556952865360689
"639",0.05,15,5,1,0.8,0.4,0,0,0.528913062479011
"640",0.1,15,5,1,0.8,0.4,0,0,0.502658806716095
"641",0.005,6,10,1,0.8,0.4,0,0,0.532569680854556
"642",0.01,6,10,1,0.8,0.4,0,0,0.596602601836734
"643",0.05,6,10,1,0.8,0.4,0,0,0.585563664293059
"644",0.1,6,10,1,0.8,0.4,0,0,0.586550678299532
"645",0.005,8,10,1,0.8,0.4,0,0,0.53178855523678
"646",0.01,8,10,1,0.8,0.4,0,0,0.603025653834788
"647",0.05,8,10,1,0.8,0.4,0,0,0.618260121347637
"648",0.1,8,10,1,0.8,0.4,0,0,0.61754844920066
"649",0.005,10,10,1,0.8,0.4,0,0,0.490643487102389
"650",0.01,10,10,1,0.8,0.4,0,0,0.61218079061766
"651",0.05,10,10,1,0.8,0.4,0,0,0.607898641763681
"652",0.1,10,10,1,0.8,0.4,0,0,0.562097120914258
"653",0.005,12,10,1,0.8,0.4,0,0,0.497158532975258
"654",0.01,12,10,1,0.8,0.4,0,0,0.603794667323806
"655",0.05,12,10,1,0.8,0.4,0,0,0.575866292156347
"656",0.1,12,10,1,0.8,0.4,0,0,0.609222285443113
"657",0.005,15,10,1,0.8,0.4,0,0,0.500214135143628
"658",0.01,15,10,1,0.8,0.4,0,0,0.612743575494282
"659",0.05,15,10,1,0.8,0.4,0,0,0.619312320342859
"660",0.1,15,10,1,0.8,0.4,0,0,0.631964016680506
"661",0.005,6,1,5,0.8,0.4,0,0,0.488337009163676
"662",0.01,6,1,5,0.8,0.4,0,0,0.579701352161268
"663",0.05,6,1,5,0.8,0.4,0,0,0.589833435305788
"664",0.1,6,1,5,0.8,0.4,0,0,0.597411712756764
"665",0.005,8,1,5,0.8,0.4,0,0,0.509781685627453
"666",0.01,8,1,5,0.8,0.4,0,0,0.534402648590721
"667",0.05,8,1,5,0.8,0.4,0,0,0.537052869306437
"668",0.1,8,1,5,0.8,0.4,0,0,0.460129743586287
"669",0.005,10,1,5,0.8,0.4,0,0,0.478095218888049
"670",0.01,10,1,5,0.8,0.4,0,0,0.530478448077645
"671",0.05,10,1,5,0.8,0.4,0,0,0.479094649936208
"672",0.1,10,1,5,0.8,0.4,0,0,0.439626454529898
"673",0.005,12,1,5,0.8,0.4,0,0,0.456508052381783
"674",0.01,12,1,5,0.8,0.4,0,0,0.489265845425801
"675",0.05,12,1,5,0.8,0.4,0,0,0.544357433748252
"676",0.1,12,1,5,0.8,0.4,0,0,0.456184588017643
"677",0.005,15,1,5,0.8,0.4,0,0,0.43496657016455
"678",0.01,15,1,5,0.8,0.4,0,0,0.51464192668995
"679",0.05,15,1,5,0.8,0.4,0,0,0.487958243321798
"680",0.1,15,1,5,0.8,0.4,0,0,0.448957272235596
"681",0.005,6,5,5,0.8,0.4,0,0,0.52694182344712
"682",0.01,6,5,5,0.8,0.4,0,0,0.636374066931551
"683",0.05,6,5,5,0.8,0.4,0,0,0.651351538691711
"684",0.1,6,5,5,0.8,0.4,0,0,0.603461532011671
"685",0.005,8,5,5,0.8,0.4,0,0,0.52386150149021
"686",0.01,8,5,5,0.8,0.4,0,0,0.560508856974661
"687",0.05,8,5,5,0.8,0.4,0,0,0.559024230151761
"688",0.1,8,5,5,0.8,0.4,0,0,0.601975985227912
"689",0.005,10,5,5,0.8,0.4,0,0,0.513147670591365
"690",0.01,10,5,5,0.8,0.4,0,0,0.598544489408419
"691",0.05,10,5,5,0.8,0.4,0,0,0.62374008178542
"692",0.1,10,5,5,0.8,0.4,0,0,0.531795600914067
"693",0.005,12,5,5,0.8,0.4,0,0,0.513913842823284
"694",0.01,12,5,5,0.8,0.4,0,0,0.55370673454592
"695",0.05,12,5,5,0.8,0.4,0,0,0.556083323428251
"696",0.1,12,5,5,0.8,0.4,0,0,0.512743869497054
"697",0.005,15,5,5,0.8,0.4,0,0,0.564284853820054
"698",0.01,15,5,5,0.8,0.4,0,0,0.531104626175977
"699",0.05,15,5,5,0.8,0.4,0,0,0.546683870604517
"700",0.1,15,5,5,0.8,0.4,0,0,0.566789530121762
"701",0.005,6,10,5,0.8,0.4,0,0,0.500363870453682
"702",0.01,6,10,5,0.8,0.4,0,0,0.631299782307243
"703",0.05,6,10,5,0.8,0.4,0,0,0.633175037378591
"704",0.1,6,10,5,0.8,0.4,0,0,0.604883479098625
"705",0.005,8,10,5,0.8,0.4,0,0,0.512120876198342
"706",0.01,8,10,5,0.8,0.4,0,0,0.635035089177337
"707",0.05,8,10,5,0.8,0.4,0,0,0.616685133873839
"708",0.1,8,10,5,0.8,0.4,0,0,0.604130329864929
"709",0.005,10,10,5,0.8,0.4,0,0,0.514861784707996
"710",0.01,10,10,5,0.8,0.4,0,0,0.598905416593307
"711",0.05,10,10,5,0.8,0.4,0,0,0.616511797881537
"712",0.1,10,10,5,0.8,0.4,0,0,0.591352510053237
"713",0.005,12,10,5,0.8,0.4,0,0,0.534748979090876
"714",0.01,12,10,5,0.8,0.4,0,0,0.637996273591999
"715",0.05,12,10,5,0.8,0.4,0,0,0.589252047492983
"716",0.1,12,10,5,0.8,0.4,0,0,0.594663672513672
"717",0.005,15,10,5,0.8,0.4,0,0,0.505182276885476
"718",0.01,15,10,5,0.8,0.4,0,0,0.614614728916601
"719",0.05,15,10,5,0.8,0.4,0,0,0.602590350787291
"720",0.1,15,10,5,0.8,0.4,0,0,0.583544468183553
"721",0.005,6,1,0,1,0.4,0,0,0.452300785885094
"722",0.01,6,1,0,1,0.4,0,0,0.575050586032203
"723",0.05,6,1,0,1,0.4,0,0,0.521113431213362
"724",0.1,6,1,0,1,0.4,0,0,0.614667030816938
"725",0.005,8,1,0,1,0.4,0,0,0.482458685539284
"726",0.01,8,1,0,1,0.4,0,0,0.559574974984162
"727",0.05,8,1,0,1,0.4,0,0,0.482226740665319
"728",0.1,8,1,0,1,0.4,0,0,0.446048540428099
"729",0.005,10,1,0,1,0.4,0,0,0.447297839097511
"730",0.01,10,1,0,1,0.4,0,0,0.487587066937266
"731",0.05,10,1,0,1,0.4,0,0,0.469015237054519
"732",0.1,10,1,0,1,0.4,0,0,0.465167522908007
"733",0.005,12,1,0,1,0.4,0,0,0.446390755898601
"734",0.01,12,1,0,1,0.4,0,0,0.489340184490167
"735",0.05,12,1,0,1,0.4,0,0,0.452287070673655
"736",0.1,12,1,0,1,0.4,0,0,0.330340513664699
"737",0.005,15,1,0,1,0.4,0,0,0.406933085706451
"738",0.01,15,1,0,1,0.4,0,0,0.456979488420556
"739",0.05,15,1,0,1,0.4,0,0,0.439152435701105
"740",0.1,15,1,0,1,0.4,0,0,0.455157192475456
"741",0.005,6,5,0,1,0.4,0,0,0.513685166533476
"742",0.01,6,5,0,1,0.4,0,0,0.627057230937822
"743",0.05,6,5,0,1,0.4,0,0,0.607483754142634
"744",0.1,6,5,0,1,0.4,0,0,0.599669794502139
"745",0.005,8,5,0,1,0.4,0,0,0.502673194655649
"746",0.01,8,5,0,1,0.4,0,0,0.585310737903003
"747",0.05,8,5,0,1,0.4,0,0,0.589622309731495
"748",0.1,8,5,0,1,0.4,0,0,0.549296200957415
"749",0.005,10,5,0,1,0.4,0,0,0.48909008475437
"750",0.01,10,5,0,1,0.4,0,0,0.549778681101736
"751",0.05,10,5,0,1,0.4,0,0,0.494227030984644
"752",0.1,10,5,0,1,0.4,0,0,0.526547049485426
"753",0.005,12,5,0,1,0.4,0,0,0.422776017209178
"754",0.01,12,5,0,1,0.4,0,0,0.581634666653285
"755",0.05,12,5,0,1,0.4,0,0,0.552450577468025
"756",0.1,12,5,0,1,0.4,0,0,0.540244680051618
"757",0.005,15,5,0,1,0.4,0,0,0.481010266806001
"758",0.01,15,5,0,1,0.4,0,0,0.517547572359992
"759",0.05,15,5,0,1,0.4,0,0,0.547599080662158
"760",0.1,15,5,0,1,0.4,0,0,0.466279752657863
"761",0.005,6,10,0,1,0.4,0,0,0.51296234440776
"762",0.01,6,10,0,1,0.4,0,0,0.640248557000101
"763",0.05,6,10,0,1,0.4,0,0,0.60430026060463
"764",0.1,6,10,0,1,0.4,0,0,0.633345384273582
"765",0.005,8,10,0,1,0.4,0,0,0.49597452306087
"766",0.01,8,10,0,1,0.4,0,0,0.604436089841431
"767",0.05,8,10,0,1,0.4,0,0,0.604514233904225
"768",0.1,8,10,0,1,0.4,0,0,0.5768237685305
"769",0.005,10,10,0,1,0.4,0,0,0.525429079434734
"770",0.01,10,10,0,1,0.4,0,0,0.578642591221775
"771",0.05,10,10,0,1,0.4,0,0,0.593190814335268
"772",0.1,10,10,0,1,0.4,0,0,0.623949042973029
"773",0.005,12,10,0,1,0.4,0,0,0.539591168302208
"774",0.01,12,10,0,1,0.4,0,0,0.615417529459047
"775",0.05,12,10,0,1,0.4,0,0,0.571721525929172
"776",0.1,12,10,0,1,0.4,0,0,0.579328944704503
"777",0.005,15,10,0,1,0.4,0,0,0.525791190598574
"778",0.01,15,10,0,1,0.4,0,0,0.620557256612978
"779",0.05,15,10,0,1,0.4,0,0,0.606741957626223
"780",0.1,15,10,0,1,0.4,0,0,0.584930585581498
"781",0.005,6,1,0.1,1,0.4,0,0,0.52626999468878
"782",0.01,6,1,0.1,1,0.4,0,0,0.583418198085967
"783",0.05,6,1,0.1,1,0.4,0,0,0.576002142344241
"784",0.1,6,1,0.1,1,0.4,0,0,0.548374718082112
"785",0.005,8,1,0.1,1,0.4,0,0,0.444254718426957
"786",0.01,8,1,0.1,1,0.4,0,0,0.504843209211833
"787",0.05,8,1,0.1,1,0.4,0,0,0.485109880597155
"788",0.1,8,1,0.1,1,0.4,0,0,0.477872057834379
"789",0.005,10,1,0.1,1,0.4,0,0,0.431594637361322
"790",0.01,10,1,0.1,1,0.4,0,0,0.469007867831222
"791",0.05,10,1,0.1,1,0.4,0,0,0.515520026001424
"792",0.1,10,1,0.1,1,0.4,0,0,0.466759718359424
"793",0.005,12,1,0.1,1,0.4,0,0,0.414799685256915
"794",0.01,12,1,0.1,1,0.4,0,0,0.508941641220964
"795",0.05,12,1,0.1,1,0.4,0,0,0.499505423583652
"796",0.1,12,1,0.1,1,0.4,0,0,0.390728758334525
"797",0.005,15,1,0.1,1,0.4,0,0,0.397827719894591
"798",0.01,15,1,0.1,1,0.4,0,0,0.448599081700744
"799",0.05,15,1,0.1,1,0.4,0,0,0.39075725631702
"800",0.1,15,1,0.1,1,0.4,0,0,0.428012947367358
